adm2_code,governorate,district,first_year,latest_year,first_radiance,latest_radiance,latest_median,latest_q95,latest_good_quality,change_percent,log_radiance_slope_per_year
IRQ001004,Al-Anbar,Al-Rutba,2012,2024,0.003346131881698966,0.012121886946260929,0.2507659593605753,0.476455322785093,1.0,262.2656659935997,0.0005115420956702402
IRQ003003,Al-Muthanna,Al-Salman,2012,2024,0.0009186239331029356,0.013313475996255875,0.25190592054640926,0.4786212490381776,1.0,1349.2846872915127,0.0010418711221433733
IRQ015003,Ninewa,Al-Hatra,2012,2024,0.005941940937191248,0.0505116805434227,0.2572785847321831,0.4888293109911479,1.0,750.0872202762006,0.004882825071844137
IRQ015001,Ninewa,Al-Baaj,2012,2024,0.01184815913438797,0.06003307178616524,0.25648015331887025,0.48731229130585346,1.0,406.6869131756164,0.003354828901739703
IRQ011001,Erbil,Al-Zibar,2012,2024,0.042738135904073715,0.1173594668507576,0.26798364818206094,0.6326588983574243,1.0,174.6012767477094,0.014694941309425764
IRQ001005,Al-Anbar,Ana,2012,2024,0.024223066866397858,0.14670562744140625,0.25754143914057237,0.4893287343670874,0.9987573828334739,505.64431519163134,0.009923539339022815
IRQ009003,Diyala,Baladruz,2012,2024,0.12575478851795197,0.29062631726264954,0.29916510432019866,1.0312961052278011,1.0,131.105567181771,0.01618108046635293
IRQ001002,Al-Anbar,Al-Kaim,2012,2024,0.057459425181150436,0.3083328604698181,0.2670306811210802,0.6420774934016107,1.0,436.60971981141,0.01599791078486006
IRQ014005,Maysan,Ali Al-Gharbi,2012,2024,0.04768884554505348,0.3556346595287323,0.31368123332588027,1.0359681747991185,1.0,645.7397122200213,0.022997463175660447
IRQ011005,Erbil,Rawanduz,2012,2024,0.2059309482574463,0.38217365741729736,0.2839838670711615,1.1813934389021084,0.9998834498834499,85.58340096580326,0.013111474428296037
IRQ006002,Al-Sulaymaniyah,Chamchamal,2012,2024,0.2518550753593445,0.3926064968109131,0.2995222455581832,1.1767824537041491,1.0,55.885878515946445,0.016149835304983935
IRQ012001,Kerbala,Ain Al-Tamur,2012,2024,0.07329368591308594,0.3951023519039154,0.14753700159529876,0.9485716997326361,0.9011428571428571,439.06737938168476,0.01943415833771564
IRQ004003,Al-Najaf,Al-Najaf,2012,2024,0.062005411833524704,0.41259872913360596,0.2609529737840487,0.49581065018969256,1.0,565.4237379172193,0.023372587447296096
IRQ018005,Wassit,Badra,2012,2024,0.02742917276918888,0.5159669518470764,0.3188032731920005,1.4624399537998272,1.0,1781.088271195188,0.022799477214844793
IRQ006007,Al-Sulaymaniyah,Panjwin,2012,2024,0.15824100375175476,0.5303782224655151,0.3122725349418675,1.378633432184208,1.0,235.17116922334594,0.020518603301135543
IRQ006010,Al-Sulaymaniyah,Sharbazher,2012,2024,0.07823364436626434,0.5868003964424133,0.3286937803830998,2.488881263407765,1.0,650.0614360941768,0.04338091542065304
IRQ010001,Duhok,Al-Amadiya,2012,2024,0.13472910225391388,0.6031270623207092,0.3637605090681783,2.841639973526523,1.0,347.6590819881221,0.036307975733228665
IRQ006008,Al-Sulaymaniyah,Pshdar,2012,2024,0.12595094740390778,0.6075729131698608,0.34364923935321884,2.3466610844466915,1.0,382.38852163728166,0.03569213171678609
IRQ001007,Al-Anbar,Heet,2012,2024,0.08241190761327744,0.6237661242485046,0.2912591102091888,1.5354861861454407,0.9999761950104742,656.8883457662,0.036475817019402224
IRQ005001,Al-Qadissiya,Afaq,2012,2024,0.0936291515827179,0.6277470588684082,0.3694456622255755,2.43394741633369,0.9994480982385135,570.4611205558313,0.035350502833744905
IRQ015007,Ninewa,Sinjar,2012,2024,0.05711746588349342,0.6296980977058411,0.33213560252607693,2.3970421416641523,1.0,1002.4615465088757,0.03755308397187214
IRQ009006,Diyala,Kifri,2012,2024,0.185831218957901,0.6305715441703796,0.3488294705043504,2.573067451364351,1.0,239.32487108812003,0.03868912188589556
IRQ011003,Erbil,Koysinjaq,2012,2024,0.38824257254600525,0.6576465368270874,0.3587043706883609,2.377283590882186,1.0,69.39062929508042,0.02582969752785572
IRQ014003,Maysan,Al-Maimouna,2012,2024,0.05545825511217117,0.7273035049438477,0.43920525353726536,2.4462153144981396,1.0,1211.443180952568,0.04756843511111984
IRQ015006,Ninewa,Aqra,2012,2024,0.2576974332332611,0.7302325367927551,0.45521282755449516,2.585320260941251,1.0,183.36818400972095,0.03749271571674191
IRQ013002,Kirkuk,Daquq,2012,2024,0.3583202362060547,0.7534226179122925,0.48386857145486,2.2735709150831775,1.0,110.26515998360509,0.04213263625798982
IRQ016001,Salah Al-Din,Al-Daur,2012,2024,0.040597036480903625,0.938139796257019,0.4085227798634883,3.428054946149555,1.0,2210.857829975617,0.07347214745910184
IRQ006004,Al-Sulaymaniyah,Dokan,2012,2024,0.22465623915195465,0.9898597598075867,0.4572210197585446,3.820126150770891,1.0,340.61084773081154,0.05137984671794459
IRQ015008,Ninewa,Telafar,2012,2024,0.1447666585445404,0.9984605312347412,0.4413765824840583,3.308631545927956,1.0,589.7033759520978,0.05270182109232079
IRQ011004,Erbil,Makhmour,2012,2024,0.5227912068367004,1.058391809463501,0.6916065194565605,2.662256619926069,1.0,102.4501934276223,0.04420029992326335
IRQ003001,Al-Muthanna,Al-Khidhir,2012,2024,0.20124894380569458,1.077027440071106,0.36729503021980237,4.6694379444286245,1.0,435.17172299347504,0.044711130772736765
IRQ016004,Salah Al-Din,Beygee,2012,2024,0.9066240787506104,1.1309654712677002,0.30961659724250784,2.917898831587983,1.0,24.74469824651553,0.03625513796938702
IRQ018003,Wassit,Al-Namaniya,2012,2024,0.6691552400588989,1.1333110332489014,0.4836590351060608,3.9134756840078584,0.9964121699196326,69.36444122430359,0.019225004585861818
IRQ006006,Al-Sulaymaniyah,Kalar,2012,2024,0.3735389709472656,1.175132155418396,0.3232156034694426,3.5921502966475534,1.0,214.59425838175673,0.03753255209849345
IRQ014001,Maysan,Al-Amara,2012,2024,0.3719704747200012,1.1783854961395264,0.7149623227294115,3.750620819690841,1.0,216.79543840853222,0.04147704606972687
IRQ016007,Salah Al-Din,Tooz Khurmato,2012,2024,0.23582081496715546,1.196890115737915,0.3772129222888222,3.5194497668609768,1.0,407.54218447791175,0.05405354258323354
IRQ018001,Wassit,Al-Hai,2012,2024,0.14193594455718994,1.2912942171096802,0.5610928428094174,3.3273178124419247,1.0,809.7725182569112,0.05918624221668402
IRQ009005,Diyala,Khanaqin,2012,2024,0.5177338719367981,1.3099192380905151,0.42370033955171665,4.5834737472706495,0.9999559994719937,153.01014847458586,0.05395151365045763
IRQ001006,Al-Anbar,Haditha,2012,2024,0.24427123367786407,1.3109349012374878,0.3090224462923457,2.650512316751394,0.9948020791683326,436.67183053011496,0.05478216361888552
IRQ005003,Al-Qadissiya,Al-Hamza,2012,2024,0.24187348783016205,1.3110851049423218,0.5426764454611971,4.504244169125388,1.0,442.05407823073824,0.060716909888754174
IRQ011006,Erbil,Shaqlawa,2012,2024,0.7613021731376648,1.43802809715271,0.5789429754899998,5.868455997051941,1.0,88.89058088800097,0.03602240742667261
IRQ017001,Thi Qar,Al-Chibayish,2012,2024,0.3928220272064209,1.4928171634674072,0.7584376193181047,3.249033780439028,0.9995432747202557,280.0237919659629,0.03842559946620857
IRQ006009,Al-Sulaymaniyah,Rania,2012,2024,0.47336745262145996,1.499258279800415,0.36657963079619715,6.553584864571556,1.0,216.72187673607,0.04470212994662876
IRQ002006,Al-Basrah,Al-Zubair,2012,2024,1.5004647970199585,1.5069797039031982,0.44362774836120417,4.214178602651343,1.0,0.43419258460304366,0.002821331542976301
IRQ016005,Salah Al-Din,Samarra,2012,2024,0.18889683485031128,1.645806908607483,0.40260377240182565,6.661865848681927,0.998037415719667,771.2728881411275,0.08457857358759083
IRQ002003,Al-Basrah,Al-Faw,2012,2024,0.3170342743396759,1.6492133140563965,0.6395688568617467,3.4292914152351224,1.0,420.2003213978692,0.04057886117406284
IRQ015005,Ninewa,Al-Shikhan,2012,2024,0.18371081352233887,1.6595408916473389,1.0515924396684546,4.451330086114092,1.0,803.3441525996737,0.06840929768927155
IRQ018002,Wassit,Al-Kut,2012,2024,0.41098883748054504,1.6752495765686035,0.3591769891403953,3.8107646161784934,1.0,307.61437386919414,0.04853397593713413
IRQ006005,Al-Sulaymaniyah,Halabcha,2012,2024,0.4724073112010956,1.694462537765503,0.44723948272873476,6.23972226321956,1.0,258.6867725347713,0.05015685663407094
IRQ006003,Al-Sulaymaniyah,Derbendikhan,2012,2024,0.6733302474021912,1.750734806060791,0.391181523801402,7.609537111756183,1.0,160.0113113610131,0.03023680769934648
IRQ014004,Maysan,Al-Mejar Al-Kabir,2012,2024,0.2095995843410492,1.7710628509521484,0.8978628206690906,3.618257835888587,0.9995673617720862,744.9744099064482,0.06526794005762873
IRQ009001,Diyala,Al-Khalis,2012,2024,0.4480745792388916,1.8990378379821777,0.519740226089473,9.195318547086147,0.9999414588455684,323.82182028891737,0.05902889214108425
IRQ018004,Wassit,Al-Suwaira,2012,2024,0.255451500415802,1.928941249847412,0.6518846566563918,6.973798937412408,0.9994655264564404,655.1105578583987,0.06887464541828231
IRQ016002,Salah Al-Din,Al-Shirqat,2012,2024,0.4192584156990051,1.9390321969985962,0.5088846811024907,11.168411947555088,1.0,362.49094219510437,0.07392129248331462
IRQ013001,Kirkuk,Al-Hawiga,2012,2024,0.9230114817619324,1.960789680480957,0.9258363101537984,6.22724316895766,1.0,112.4339425050287,0.07194519772802091
IRQ013003,Kirkuk,Dibis,2012,2024,2.299402952194214,2.11672043800354,1.3930126096389464,5.0453223663110185,1.0,-7.944780362065218,0.021580125405338386
IRQ017003,Thi Qar,Al-Rifai,2012,2024,0.2869795262813568,2.3023765087127686,0.9614822049030955,6.877201332224287,1.0,702.2790122161891,0.07016050766165237
IRQ001003,Al-Anbar,Al-Ramadi,2012,2024,0.2825840413570404,2.351684093475342,0.286845799517714,8.359404613799379,0.9895235926209652,732.2069718381679,0.085219586649592
IRQ010004,Duhok,Zakho,2012,2024,0.8676959276199341,2.385646104812622,0.4096032088025975,10.372625601246893,1.0,174.9403366864223,0.04723554869842091
IRQ016003,Salah Al-Din,Balad,2012,2024,0.2473120093345642,2.6027064323425293,0.7320920026412594,11.635970797580681,0.9996971794428102,952.3979160355219,0.09896677725902789
IRQ010003,Duhok,Sumail,2012,2024,1.0536316633224487,2.745617628097534,0.7462891632815439,12.08391313081386,1.0,160.58609698950147,0.05219818012129133
IRQ017002,Thi Qar,Al-Nasiriya,2012,2024,0.4471307396888733,2.9933249950408936,0.6306877568677386,10.213697397973915,1.0,569.4518469304385,0.09247404676148253
IRQ013004,Kirkuk,Kirkuk,2012,2024,1.3281404972076416,3.010467052459717,0.6386006692699056,10.982478552821236,1.0,126.66781555031976,0.05276288466879383
IRQ003002,Al-Muthanna,Al-Rumaitha,2012,2024,0.5430396795272827,3.0145602226257324,0.772164251985948,13.010203925340488,1.0,455.12706276821507,0.08139193261022912
IRQ001001,Al-Anbar,Al-Falluja,2012,2024,0.4442354440689087,3.2038755416870117,0.6612697811098369,15.174302500227595,0.91056133221784,621.2111470308602,0.112601268322144
IRQ009002,Diyala,Al-Muqdadiya,2012,2024,0.7803323268890381,3.210894823074341,1.0533462350268656,13.823279412158612,1.0,311.4778681379587,0.07306381544819436
IRQ014006,Maysan,Qalat Saleh,2012,2024,0.7652368545532227,3.304802179336548,1.5661169001350996,9.98261879511254,1.0,331.8665730319575,0.07419723608513329
IRQ015002,Ninewa,Al-Hamdaniya,2012,2024,0.9245883226394653,3.4022114276885986,1.33068987654562,12.157308983812777,1.0,267.97040849230575,0.08946173952062159
IRQ010002,Duhok,Duhok,2012,2024,1.607554316520691,3.5006699562072754,0.7891193616614695,15.355173980793161,1.0,117.76371225725973,0.04301848881478246
IRQ007001,Babil,Al-Hashimiya,2012,2024,0.3174346685409546,3.703127384185791,1.7422375838921234,11.400126766101703,1.0,1066.579378744834,0.1032332007175947
IRQ005004,Al-Qadissiya,Al-Shamiya,2012,2024,0.5349260568618774,3.773488759994507,1.6771637865098585,10.948366848972311,1.0,605.4224993509439,0.09695461162811599
IRQ007003,Babil,Al-Mahaweel,2012,2024,0.3785850703716278,4.1011738777160645,2.217970096817147,13.631282825198621,1.0,983.2899125394084,0.10342077679664484
IRQ016006,Salah Al-Din,Tikrit,2012,2024,0.9325317740440369,4.130606174468994,1.1434694946153423,18.071457624332904,1.0,342.9453547256755,0.09674658054463449
IRQ015009,Ninewa,Tilkaef,2012,2024,0.7428483366966248,4.181035041809082,1.1119469111439615,19.280139027101576,1.0,462.8383123803903,0.1054267300582019
IRQ017005,Thi Qar,Suq Al-Shoyokh,2012,2024,0.46035829186439514,4.181130409240723,0.9004683339909386,18.416041551190233,0.9997451580020388,808.2339740873686,0.1181887577874079
IRQ017004,Thi Qar,Al-Shatra,2012,2024,0.6348762512207031,4.371713161468506,1.35707899937828,13.998977806094285,1.0,588.592958558905,0.10890519824702584
IRQ002004,Al-Basrah,Al-Midaina,2012,2024,3.395993947982788,4.474924564361572,2.9034057116802456,11.739732011536537,1.0,31.770687254011932,0.00751430622893446
IRQ015004,Ninewa,Al-Mosul,2012,2024,1.1860554218292236,4.578670024871826,0.665768600165031,20.13657634616771,1.0,286.04182743924883,0.10105178225887826
IRQ004002,Al-Najaf,Al-Manathera,2012,2024,0.620811402797699,4.622261047363281,1.9865150046183788,16.86820791377811,1.0,644.5515701762193,0.09796400399387346
IRQ014002,Maysan,Al-Kahla,2012,2024,1.0500390529632568,4.668488502502441,1.3797441605711218,12.714780672114188,0.993904836806921,344.6014164261567,0.08939184877193206
IRQ002005,Al-Basrah,Al-Qurna,2012,2024,1.8809702396392822,4.689638614654541,2.7398666053461582,13.008047183511122,0.9996513249651325,149.32019209160288,0.036670296212290676
IRQ002007,Al-Basrah,Shat Al-Arab,2012,2024,1.1450271606445312,4.711928367614746,2.052469153990718,13.804741008324271,1.0,311.5123666553394,0.06994439684805205
IRQ007004,Babil,Al-Mussyab,2012,2024,1.0596389770507812,5.484893321990967,2.7185690824939566,23.56562200843129,1.0,417.6190609047513,0.0925258201316075
IRQ006001,Al-Sulaymaniyah,Al-Sulaymaniyah,2012,2024,2.934086561203003,5.674988746643066,0.6797428784768451,40.60456756807641,1.0,93.41585969829968,0.03959802908579765
IRQ009004,Diyala,Baquba,2012,2024,1.5826274156570435,5.897030830383301,1.7672316640385926,27.72272617029157,1.0,272.6101779890556,0.0706243101948835
IRQ008004,Baghdad,Al-Mada'in,2012,2024,0.9761838912963867,6.034709930419922,2.5440173438661815,22.746142145606836,1.0,518.1939677785235,0.10044766451148916
IRQ012003,Kerbala,Kerbela,2012,2024,0.9664174914360046,6.554980754852295,0.8634617728947226,33.7369417960909,0.9594745484400656,578.2762949698081,0.098608069222374
IRQ003004,Al-Muthanna,Al-Samawa,2012,2024,1.2045228481292725,6.579436302185059,1.3873523275303195,27.424534693993756,1.0,446.22760476511417,0.09385453528461282
IRQ005002,Al-Qadissiya,Al-Diwaniya,2012,2024,1.4352136850357056,6.696591854095459,1.7022477452742097,35.03943562878967,1.0,366.59197330109487,0.09193755369376777
IRQ008005,Baghdad,Al-Mahmoudiya,2012,2024,1.4598047733306885,7.571324348449707,4.640167713946662,26.194464538097012,1.0,418.653212180899,0.08794709980102242
IRQ002001,Al-Basrah,Abu Al-Khaseeb,2012,2024,1.6305615901947021,9.066920280456543,1.435388082773137,70.09566067859548,1.0,456.0611960308644,0.09850283588417875
IRQ011002,Erbil,Erbil,2012,2024,5.4132232666015625,9.77716064453125,1.9568350414219344,53.14252385606211,1.0,80.61624586693577,0.04290412628426843
IRQ012002,Kerbala,Al-Hindiya,2012,2024,1.4917128086090088,12.579968452453613,7.221789852904976,40.802498036300605,1.0,743.3237537314018,0.11435450109527895
IRQ008002,Baghdad,Al-Kadhmiyah,2012,2024,4.439614772796631,14.405261039733887,7.265506483762784,53.90538002164072,1.0,224.47096824708578,0.07330205882096877
IRQ007002,Babil,Al-Hilla,2012,2024,2.024229049682617,14.719765663146973,5.872931434545699,66.71118902334429,1.0,627.1788568321808,0.12720437187048117
IRQ004001,Al-Najaf,Al-Kufa,2012,2024,2.609598398208618,16.4846248626709,5.725522258657076,74.09034191641322,1.0,531.6920210399775,0.12063486073725153
IRQ002002,Al-Basrah,Al-Basrah,2012,2024,5.968764305114746,24.45081329345703,3.0826360094925973,197.7591205105683,1.0,309.6461519263656,0.08739981715195087
IRQ008001,Baghdad,Al-Adhamiya,2012,2024,14.1936674118042,60.0872688293457,54.02039091146285,139.63509369687364,1.0,323.3385712516694,0.09483148699724572
IRQ008003,Baghdad,Al-Karkh,2012,2024,20.837127685546875,77.77490997314453,78.44559074372752,196.5398817584517,1.0,273.2515879676211,0.09636667209837937
IRQ008007,Baghdad,Al-Thawra,2012,2024,25.269838333129883,87.984130859375,94.6437326451833,139.07262089733482,1.0,248.1784477585038,0.08900162653238108
IRQ008006,Baghdad,Al-Risafa,2012,2024,22.504898071289062,88.21154022216797,79.17240645078878,197.1998313152607,1.0,291.9659619996461,0.09784543973599177
