source_id,source_url,retrieved_utc,section_index,heading,level,text
nasa_nighttime_lights,https://www.earthdata.nasa.gov/topics/human-dimensions/nighttime-lights,2026-09-25T08:10:02.266481+00:00,0,Nighttime Lights | NASA Earthdata,0,"Remote sensing of nighttime light emissions offers a unique perspective for investigations into human behaviors, such as tracking the expansion of urban areas or assessing power outages caused by natural disasters such as hurricanes, and biological and ecological studies researching how artificial lights influences nature. Examples include NASA data used for disaster recovery in Puerto Rico following Hurricane Maria in 2017, in studies of how lights influence the activity of nocturnal animals, and analysis of fluctuations in economic activity in Dubai, UAE between 2012 and 2020. Whereas sunlight is the primary source of light for daytime remote sensing, there are many forms of nighttime illumination. These sources include moonlight, light directly emitted by objects including streetlights, buildings, and ships, and light reflected by the ground known as surface albedo. Snow, especially fresh snow, reflects a high percentage of light hitting it. (Water bodies and forest canopies reflect far less light.) One of NASA's main sources for nighttime lights imagery is the Visible Infrared Imaging Radiometer Suite (VIIRS) aboard the joint NASA/NOAA Suomi National Polar-orbiting Partnership (Suomi NPP), NOAA-20, and NOAA-21 platforms. All of these platforms acquire global daily measurements of nocturnal visible and near-infrared (NIR) light that can be used for Earth system science and applications studies. For example, VIIRS Day/Night Band (DNB) data are used for estimating population, assessing electrification of remote areas, monitoring disasters and conflict, and understanding biological impacts of increased light pollution. NASA offers of some of its most popular nighttime data through a suite of products called the Black Marble. Access a range of datasets and data tools to further your nighttime lights research."
nasa_nighttime_lights,https://www.earthdata.nasa.gov/topics/human-dimensions/nighttime-lights,2026-09-25T08:10:02.266481+00:00,1,Join Our Community of NASA Data Users,2,"While NASA data are openly available without restriction, an Earthdata Login is required to download data and to use some tools with full functionality."
nasa_nighttime_lights,https://www.earthdata.nasa.gov/topics/human-dimensions/nighttime-lights,2026-09-25T08:10:02.266481+00:00,2,Get Help,2,"QUESTIONS & SUPPORT Get help with NASA Earth science data, datasets, tools, services, and metadata on the Earthdata Forum. Experienced staff in the data user community review and answer questions."
globe_at_night,https://globeatnight.org/,2026-09-25T08:10:04.352938+00:00,0,Globe at Night,1,Globe at Night is an international citizen-science campaign to raise public awareness of the impact of light pollution by inviting citizen-scientists to measure & submit their night sky brightness observations.
globe_at_night,https://globeatnight.org/,2026-09-25T08:10:04.352938+00:00,1,Can you find Grus?,2,"To find Grus, look directly south. You will see four bright stars making their way from left to right in the sky. These stars also happen to line up in brightness order. The brightest one, Sirius, will be somewhat higher in the sky than the other three, and is the farthest to the left. The next one to the right is Canopus, then Achernar. The fourth one is found in the constellation Piscis Austrinus, and is called Fomalhaut. Grus is found between the Achernar and Fomalhaut, and is located about 15 degrees lower in the sky than a line drawn between those two stars. Look for a triangle formed by Grus’ three brightest stars (the third brightest star is actually two stars), the two dimmer stars in the triangle may appear red. The triangle forms the body of the crane with Grus’ neck stretching out to the West, and the wings to the North and South. Visible in: Southern hemisphere"
globe_at_night,https://globeatnight.org/,2026-09-25T08:10:04.352938+00:00,2,Can you find Cygnus?,2,"Cygnus the Swan is easy to find as it flies south along the path of the Milky Way. It is easiest to spot by looking straight up and looking for the three brightest stars forming what is known as the Summer Triangle. The bright star in the lower left of this triangle is Deneb, the tail of the swan. By using this star and looking in toward the center of the triangle, you can now spot Cygnus. Visible in: Northern hemisphere"
globe_at_night,https://globeatnight.org/,2026-09-25T08:10:04.352938+00:00,3,Can you find Pegasus?,2,"Pegasus, the winged horse ridden by Perseus to rescue Andromeda from the sea monster Cetus is easiest to find during Autumn. The easiest way to find Pegasus is to look overhead and find the great square of Pegasus found adjacent to the milky way. This great square is the body of Pegasus and the body and head extend outwards. Visible in: Northern hemisphere"
globe_at_night,https://globeatnight.org/,2026-09-25T08:10:04.352938+00:00,4,How to report data?,2,"Practice finding all the Globe at Night Constellations, when you are done practicing follow the 6 steps:"
globe_at_night,https://globeatnight.org/,2026-09-25T08:10:04.352938+00:00,5,Resources for 2026,3,"Globe at Night is truly an international campaign. Our Activity Guides, Postcards, and the data reporting webapp have been translated into many languages. These are all available to download from our Resources page."
globe_at_night,https://globeatnight.org/,2026-09-25T08:10:04.352938+00:00,6,Globe at Night Webapp,3,"Whether you use a smartphone, tablet or computer, you can submit your data in real time with our webapp - now available in 28 languages! Help us make 2026 a record year!"
globe_at_night,https://globeatnight.org/,2026-09-25T08:10:04.352938+00:00,7,International Dark Sky Week,3,"We invite you to join us as we discover the night together and learn about the harmful effects of light pollution and what we can do to embrace the dark and save the night. April 13-20, 2026. Learn more at darksky.org See how your region is doing this year below. If you don't see very many data points, consider going outside tonight and contributing your own! Compare to other regions or previous years with our regional map generator."
nasa_black_marble,https://www.earthdata.nasa.gov/data/projects/black-marble,2026-09-25T08:10:13.021120+00:00,0,Black Marble,1,"NASA’s Black Marble nighttime lights product suite is derived from the Visible Infrared Imaging Radiometry Suite (VIIRS), which is hosted on three satellite platforms: Suomi NPP (launched October 2011), NOAA-20 (launched in November 2017), and NOAA-21 (launched November 2022). The Black Marble product utilizes the VIIRS Day/Night Band (DNB), a specialized sensor with variable gain settings designed to capture low-light imagery of Earth at night.The Black Marble products (VNP46, VJ146, and VJ246) provide a long-term record of global nighttime light composites at daily, monthly, and yearly temporal resolutions. These science-quality products are provided in near real-time (NRT), within a three-hour window, and enable insights on human activity patterns such as light pollution, illegal fishing, and the flaring of waste natural gas, as well as the provision of assessments within conflict areas and for national security."
nasa_black_marble,https://www.earthdata.nasa.gov/data/projects/black-marble,2026-09-25T08:10:13.021120+00:00,1,Data in Action,2,"NASA's Black Marble enables a wide range of applications for a broad spectrum of data users. Along with their primary purpose of supporting the short-term weather prediction and disaster response communities, the data also contribute to new methods for tracking wildfires, waste natural gas flares, and light pollution, along with numerous socioeconomic uses, including proxy economic activity, monitoring changes in energy infrastructure in urban areas, and providing data to humanitarian organizations in conflict areas. A wide variety of sources contribute to the nighttime environment, including city lights, lightning, fishing fleet navigation lights, gas flares, lava flows, and even auroras. When partial to full illumination from the moon is available, reflection of this lunar illumination off ice, snow, and other highly reflective surfaces enables the study of ocean and terrestrial features. By harnessing global nightlight observations to uncover patterns of human settlement, monitor energy access, track disaster impacts, and advance our understanding of socioeconomic and environmental change at a planetary scale, NASA's Black Marble data products advance the impact of Earth science to empower and benefit all humankind. Credit: NASA"
nasa_black_marble,https://www.earthdata.nasa.gov/data/projects/black-marble,2026-09-25T08:10:13.021120+00:00,2,How Are the Data Created?,2,"The Black Marble team harnesses current and emerging technologies to generate novel, high-quality datasets. Complex algorithms correct for atmospheric, terrain, lunar bidirectional reflectance distribution function (BRDF), and stray light effects to generate an Earth surface radiance measure of the field of view. These corrected nighttime radiances allow for superior retrieval of nighttime lights at short time scales and a reduction in background noise, thus enabling data users to conduct quantitative analyses of daily, seasonal, and annual variations in surface radiance. These highly reliable metrics, delivered in near real-time, provide decision makers high confidence in determining actions during operational activities across such as wildfire management, energy infrastructure, disasters, and clandestine activities (e.g. illegal fishing). Data are available through NASA’s open science policy and are provided in standard Hierarchical Data Format–Earth Observing System 5 (HDF-EOS5) format. Currently, the VNP46 products from Suomi NPP are available from Jan. 19, 2012, to present; VJ146 products from NOAA-20 (JPSS-1) are available from Jan. 5, 2018, to present; and VJ246 products from NOAA-21 (JPSS-2) are in development. As of Aug. 25, 2025, VNP and VJ1 are Collection 2. Collection 1 processing has been terminated."
nasa_black_marble,https://www.earthdata.nasa.gov/data/projects/black-marble,2026-09-25T08:10:13.021120+00:00,3,About VIIRS,3,"Black Marble data is generated from measurements taken by VIIRS, hosted aboard Suomi NPP, NOAA-20, and NOAA-21 as well as two forthcoming polar orbiting satellites: NOAA-22 and NOAA-23. VIIRS serves as the Moderate Resolution Imaging Spectroradiometer (MODIS) continuity instrument and consists of 22 spectral bands from the ultraviolet to the mid-infrared. New to VIIRS is the panchromatic day-night-band (DNB). The DNB has a spectral wavelength range of 0.5 and 0.9 micrometers, centered at 0.705 and a spatial resolution of 750 m. The detector uses a multiple gain stage configuration to capture low levels of light emitted from the Earth at night. See detailed design specs for VIIRS."
